Unnamed: 0,count,hate_speech,offensive_language,neither,class,tweet,is_political
54,3,0,2,1,1,"""&#128514;&#128514;&#128514;&#128514;&#128514;&#128514;&#128514;&#128514;&#128514;&#128514;&#128514;@VandalSavage_: Teanna Trump probably cleaner than most of these twitter hoes but.........""",True
218,3,0,1,2,2,"""@QUAN1T0: 61% of welfare/government aid is claimed by white people. So y'all black slander is trash now.""",True
351,3,0,3,0,1,"""@jaimescudi_: ""@Tonybthrz_: ""@jaimescudi_: I swear if oomf try talking to me tomorrow.."" @"" @BarackObama"" pussy",True
562,3,1,2,0,1,"""She's from Florida so you've got to do the sniff test in those swamp pussies"" &#128514;&#128514;&#128514;&#128514;&#128514;&#128514;&#128514;&#128514;&#128514;&#128514;&#128514;&#128514;&#128553;&#128514;&#128514;&#128514;&#128514;&#128514;&#128514;&#128514;&#128514;&#128514;",True
676,3,0,3,0,1,"#AnnCoulter still calling #Obama a 'community organizer' re: #Syria. Well, she is still #cunt as well. So what?",True
680,3,0,1,2,2,"#BREAKING: AP calls Mass. Governor race for Charlie Baker. Watch live coverage on WCVB, streaming online. http://t.co/S6hY2eVoaT",True
684,3,1,0,2,2,"#BigBird was made by a gay couple. So yes, under a GOP world the bird would not have existed since its creators would be in jail for sodomy.",True
714,3,0,0,3,2,#Ebola is a great metaphor for how #GOP #teaparty policies eat off of vital organs until the host dies. #Tcot #teabaggers,True
741,3,1,2,0,1,#IndigenousPeoplesDay HAHA!!! You fuckin' retarded commies!!!!! Hunter Biden loves snortin' that PYGMIE FAIRY DUST don't he? #liberals,True
781,3,0,3,0,1,#RuinADessert @midnight Fairy Queen. nomg&gt; I fucked #Obama panties again...............,True
804,3,0,3,0,1,#ThingsNotToDoOnAFirstDate give her all da dick U gotta half stroke da pussy bc if u dump dick on dat bitch she gon become extremely anoyin,True
814,9,1,0,8,2,#WeAreRepublicNotRegime #POTUS BO violated USA sovereignty w/open border/Jihadis/criminal/diseased/Haitians/S.Americans #ImpeachObama,True
839,3,0,3,0,1,#YesWeDid .....tattoo our bitches to corrupt as many men as possible to #Egypt and being a #cattle #prod #vote&gt;,True
852,3,0,1,2,2,#foxnews cuts away when a Democrat talks and claim to be fair and balanced. LMAO network full of #teabaggers and liars.,True
931,6,0,1,5,2,#stateoftheunion would last 15mins if they let the President talk all that standing up clapping is for the birds,True
1101,3,0,3,0,1,&#8220;@305MAYOR: Bad breath ain't cute not even if you a so called bad bitch and it's usually cause by a shitty attitude&#8221; unk ain't ever lied,True
1183,3,1,0,2,2,"&#8220;@BurgerKing: What&#8217;s going to be your pick for #SelectionSunday? #2for5 #WatchLikeaKing http://t.co/aBam30gSk4&#8221;

Dis make colored folk happy",True
1440,3,1,2,0,1,"&#8220;@MattieTrump97: Eat a lot of protein
Eat a lot of pussy
#MattieTrumpsTipsForABetterLife&#8221;

Eat the whole ass",True
1620,3,1,2,0,1,&#8220;@TweetMeTFOut: You goofy RT @ViriDoesItt: Only goofy niggas simp over chicks with community pussy..&#8221; Who are you?,True
1745,3,0,0,3,2,&#8220;@butter_obama: I hate when I attempt to make the yellow light but the car infront of me stops at the light &#128545;&#128545;&#128545;&#8221;&#8252;&#65039; I be wanting to fight&#128514;,True
1907,3,0,0,3,2,&#8220;@nypost: If you used the ObamaCare website you should definitely change your password http://t.co/VEd4Yyztok&#8221; hahahahahah that's sad #boon,True
1941,3,0,0,3,2,&#8220;@sorryimalex: I'm only back cause I don't wanna see the boys lose to trash #vote5sos&#8221;,True
2221,3,0,3,0,1,...but if a SHOW about #Obama was called #Whitish ..........y'all motherfuckers would cry #racist like lil bitches. #Blackish,True
2235,3,0,1,2,2,.@everSoTweetly4u Klain's real (sole) job is to dampen down the mushrooming bad PR and political fallout heading into Nov election.,True
2238,3,0,3,0,1,".@reddroostermann 's love of Obama is unrequited, however. Obama is clearly Putin's bitch.",True
2328,3,0,0,3,2,99 percent of the trash we dump in the sea is missing. This is not a good thing &#8594; http://t.co/CwC2LWCV3T http://t.co/Y0kt02HLm1,True
2355,3,0,3,0,1,"@1D_NIPPLES_ bitch you fucking told me to sit in that seat and yo dumbass come again saying ""why you sitting there"" bitch #vote5sos",True
2359,3,1,0,2,2,@1Oyster1 maybe not but you crow about obama and democrats so you are a mawbar....Might as well be a Republican.,True
2426,4,0,0,4,2,@AdamSchein @TheMayorMatt I may have just cried a tad #illmissu shiner,True
2524,6,0,1,5,2,@ArcticFox2016 everybody mocks Obama .Hes an embarrassment to the USA.,True
2604,3,2,1,0,0,@BarackObama @MarchForInnov send them damn beaners back where they belong n the US aint it,True
2605,3,1,2,0,1,@BarackObama @MichelleObama omfg you elitist bitch no one cares what you think! go fuck yourselves are you in china anyway?,True
2606,3,0,0,3,2,@BarackObama Biden was a winner last night? Yea right like Charlie Sheen Really was a a winner too.... #winning lol,True
2607,3,0,3,0,1,"@BarackObama glad you brought that kid home, but he fucked up and should face the UCMJ. don't care about Taliban pussies really.",True
2608,3,0,1,2,2,"@BarackObama l voted and supported u and u pulled the rug out from under us, a nation and worse, cuz were not in ""your circle"" were trash.",True
2609,3,0,3,0,1,@BarackObama make weed legal you pussy you know you smoke that shit,True
2626,3,0,3,0,1,@BeattyJustin @KYOppCoalition Obama's bitch!,True
2644,3,2,1,0,0,@Bidenshairplugs He looks like a fag and his time line is boring Zzzzzz,True
2692,6,1,5,0,1,"@BlakkHoodie_562 always eatin good wit my niggah, and good lookin on the cd my boy got some heat now i can bump some bangers",True
2782,3,0,1,2,2,@CBSThisMorning @NorahODonnell tx trash you know trouble w ACA is in GOP gov states but like @60 @LaraLogan_News you report lies anyway,True
2783,3,0,0,3,2,@CBSThisMorning @charlierose @NorahODonnell tx trash your show was a disgrace this AM engaging w @MittRomney disrespecting the President,True
2784,3,0,1,2,2,@CBSThisMorning @charlierose racist @NorahODonnell tx trash enjoy your high along with gop win a substitute for racist @MittRomney loss!,True
2896,3,0,0,3,2,"@CharlieDaniels Come on Charlie! 
OUR GOVERNMENT WAS JUST TRYING TO PROTECT THE DESERT TORTOISE! 
Atleast, that's what Barack Obama Says...",True
2924,3,0,3,0,1,@ChristyMack fugly bitch john will dump ur ratchet ass,True
2994,3,1,2,0,1,"@Cyberobama @eReIevant 
plot twist he is a faggot",True
3115,3,1,2,0,1,@DividendMaster obama is a bitch his speech was pure politics for mid terms. Only way we destroy ISIS is with troops on the ground.,True
3246,3,0,1,2,2,@FattyyTooRaw well Ontario is like kind of a dump now that the ghetto moved here since its cheaper to live here so.. &#128514;,True
3313,3,0,1,2,2,"@GOPBlackChick @barrackobama just said u.s.was full of nice,giving,smart ppl.I thought we were mean,unexceptional,bitter clingers?#evolved?",True
3456,3,2,1,0,0,@Herfarm @SteveWorks4You @TheDemocrats your low info redneck dumbasses vote for these corporate shills that idiots like you believe #dummies,True
3560,3,0,3,0,1,@IamEnidColeslaw He must think you bump pussy. I no mind. I'll eat your #thong and make you #squirt like the #geyser.,True
3744,3,0,0,3,2,@JennyJohnsonHi5 Did you say spray tan? **Charlie Crist switches back to Republican**,True
3773,6,1,4,1,1,@JoeBiden is such a retard! &#8220;@irritatedwoman: Biden Calls Himself &#8216;White Boy&#8217; in Meeting With Black Pastors http://t.co/bqx1IEv0wD&#8221;,True
3782,3,0,3,0,1,@Joe_Schmucc Dog Government jobs is the SHIT. I done got my last few off that bitch.,True
3794,3,0,0,3,2,@JonahNRO No good options left indeed. This president makes Jimmy Carter look like a piker. So sad.,True
4083,3,0,0,3,2,@Lucci_Dpc What did I prove for you? That you're blissfully ignorant? Group thinker? Political chump and race traitor?,True
4145,3,1,2,0,1,@Marcfoor4 bring yo bitch ass whith em jump in want to and get yo ass beat up,True
4157,3,3,0,0,0,@MarkHalperin @WSJopinion @BarackObama Anything to trash this black President!!,True
4158,3,1,2,0,1,"@MarkUdall2014 just got his pussy kicked, he's out, done, @CoryGardner wins, per Fox News.... #Election2014 #tcot #gop #teaparty #p2",True
4243,3,0,3,0,1,"@MilitaryTimes That's what happens when you have pussies for presidents and generals, you have to fight the same war over and over again.",True
4289,3,0,2,1,1,"@Morning_Joe Wonder how many US citizens have joined ISIS after listening to Joe Scarborough trash this ""black President?"" Good Job Joe!!",True
4357,3,0,0,3,2,"@NYRKelsMads @davidortiz @BarackObama 
I likes da Yankees",True
4478,3,0,2,1,1,@Orangeone4 @SteveWorks4You..biggest liars ever ...republican teabagger asshats like stockboy #pinoccio,True
4545,3,0,3,0,1,"@PimpBillClinton @tareksaadmisr that's Arabic for ""you one pussy gettin motha fucka""",True
4576,3,0,0,3,2,@ProsperINDIA ho no. Without ur vote we lost the election. AK49 is taking oath as PM today. :-),True
4605,3,1,2,0,1,@RFradsham fuck you bitch #shrimp #shorty #midget #dwarf #infant #jk,True
4632,3,0,2,1,1,@RealNoth no wonder your career is in the dump that's where trash like you belongs. Thanks to @greggutfeld for pointing out your true colors,True
4664,3,0,3,0,1,"@RichHomieLexx_ tryanna explain sumn to des young boys out here now days,they don't know wat a true pimp is I be pimpin des hoes moma Lmfaoo",True
4684,6,1,3,2,1,@RivenbarkYahoo @hale_razor jim Hogg county a dirt poor democrat leaning county.. Hebronville is it's seat. Been there it's a near ghetto,True
4689,3,0,2,1,1,@RobFernau @GregAbbott_TX @NRA dead babies piled up like trash at a dump Something to be proud of,True
4766,3,0,1,2,2,@SamFeistCNN @CNNPolitics your opinion plz. When election over will there be any improvement or will BO still be allowed to trash America?,True
4880,3,2,1,0,0,@StarIsTheFuture you call @GOPBlackChick house nigger and she's the racist? Fathom the hypocrisy in that statement.,True
4908,3,1,2,0,1,@SteveStockmanTX stockboy U should talk. U tweet lies and childish shit about Obama.youre very unqualified. You only appeal to dumb rednecks,True
4909,3,0,2,1,1,@SteveStockmanTX you teabagger dunces want to eliminate education all together so you can groom more teabag voters. Lol.#thedumbestteabagger,True
4913,3,0,1,2,2,@SteveWorks4You @teaparty ...anti American Republicans and teabaggers stop forcing ur religion on the rest of us. Stockman u dont pray.liar,True
4915,3,0,3,0,1,@SteveWorks4You Friggin Red State pussy Republican. The parent too!&#8594;&#8594;&#8594;&#8594;&#8594;&#9733;,True
4916,3,1,2,0,1,@SteveWorks4You Golly Wompers and Dad Gum Son You lyin cheatin scoundrels fucking did it! Man up and own it ya chicken shit pussy Republican,True
4918,3,1,2,0,1,@SteveWorks4You bush took 3 times as many vacations.. republican teabaggers are pusses....wah,True
4939,4,0,4,0,1,@SugarShai2 room temp cus i have sensitive bitch teeth. ( ._.),True
5017,3,1,2,0,1,"@Texgalleslie 
You can bet Valerie Jarret has her hands all over this ""humanitarian Crisis"". I Didn't vote for that commie bitch.",True
5073,3,1,2,0,1,@TheJoelBerggren have you looked yourself? This is funny. This is like Obama saying he is good for the economy. Hipster faggot. Funny though,True
5082,3,0,0,3,2,@TheMayorMatt @Frizzle18 I like where ur domes at #smart,True
5083,3,0,1,2,2,@TheMayorMatt has to be #live version ! #pulledpork #clams #babyjesus #lilsmokey,True
5084,3,0,3,0,1,"@TheMayorMatt pitch, chip and slide ur dick in tight clam #22 love it #mywife",True
5085,3,0,1,2,2,@TheMayorMatt the early bearded man gets the clam ? #herkfacts,True
5175,3,0,0,3,2,@Torn_Rose republican teabaggers should be jailed for treason.....,True
5270,3,1,2,0,1,@Walken4GOP your not so godly after all u fuckin redneck peckerwood.,True
5278,3,0,0,3,2,@WebAntOnYT btw Jim crow laws were supported by democrats not republicans and MLK was a republican #Fact,True
5281,3,0,3,0,1,@WendyDavisTexas @GregAbbott_TX a judge that was appointed by obama who here doesnt see the agenda fucking crooked bitch,True
5283,3,1,2,0,1,@WendyDavisTexas msnbc the same MSM who said blocking flights from africa is racist yea right No ID no vote bitch gold digger,True
5527,3,0,3,0,1,@__Black_Jesus bitch u know what I mean spell champ these nuts,True
5634,3,1,2,0,1,@ajam never happen. Too much republican redneck oil money. Sad butt true. #corruptAmerica,True
5677,3,0,0,3,2,@andersonDrLJA i'm so sick of self serving politicians standing by while BO trashes America. #WeAreRepublicNotRegime #ImpeachObama,True
5688,3,2,1,0,0,"@aravosis May I jump in u ball-less dick-wad? As a conservative, feminist, disabled vet bitch, I wish u luck with a capital F. @DLoesch",True
5738,4,1,3,0,1,@babyspittle @Kimmyincali @MartiniShark @SenatorReid Still blaming Bush? Fucking retard,True
5776,3,0,2,1,1,@bill_gaines @MorningJoe ATF is in charge of prosecuting cases and the #teabagger Republicans won't confirm a director to lead the agency.,True
5787,3,0,0,3,2,@blackrepublican how long after the name change will al memorabilia w/redskins name be deemed racist and therby illegal?,True
5883,3,0,0,3,2,@charlierose @jdickerson racist @NorahODonnell Texas trash GWBush came to WH numb remember he and Republicans stole the election,True
5884,3,0,1,2,2,@charlierose @jdickerson racist@NorahODonnell Tx trash there's no comparison betwn Pres Obama n GWBush rt poll will show He's supported 100%,True
5915,3,0,0,3,2,@cnnbrk let me guess they have yellow cake too? Same crap different president,True
6010,3,0,2,1,1,"@derek_gatewood I got a kenwood amp to but it's probably ghetto, right?",True
6042,3,0,3,0,1,@dom_framp what I thought bitch,True
6073,3,0,0,3,2,"@edouglas528 I know how you feel,wait,no I don't. Perfect week for me would be Yanks not getting Lee #goSox #goPats",True
6096,3,1,2,0,1,"@emmyhighr0ller @Cyberobama 
you sound like a real cunt",True
6114,3,0,3,0,1,@es_jump i know imma broke ass bitch,True
6127,3,0,1,2,2,@fairflattaxnow discredited by whom? Per the government the study is good and factual. Pay your bills moocher teabaggers and republicans,True
6142,3,0,3,0,1,"@firemunky When did we become a nation of giant dripping whiny pussies, anyway?! MAKE THIS DUDE PRESIDENT! Of Iraq, even. He's the MAN!",True
6210,3,0,3,0,1,@goldnsilvercoin @TheOregonianBoo @RepBonamici God forbid! She actually voted to give people affordable insurance rates. That bitch #teabag,True
6211,3,1,0,2,2,@goldnsilvercoin the worst terrorists are republican teabaggers...,True
6212,3,0,1,2,2,@goldnsilvercoin this guys company had best year EVER...under Obama....conservative teabaggers are scum,True
6217,3,0,0,3,2,@greekkid31 @TaraSetmayer @TheWillDunne yes true reagan was the first..ike wouldnt. While president and he was supreme allied commander.,True
6271,3,0,3,0,1,@hidalgoparadise lol its #hoe bitch ass,True
6320,3,0,3,0,1,"@iamkrause 
I see da dayd presidents coz my bitches and hoes be makin money day way",True
6337,3,0,1,2,2,"@ilovemytroops @SenatorTimScott I see. So you feel betrayed, your racism comes out. Shocked you didn't call him Uncle Tom you bitter loser",True
6497,3,1,2,0,1,@justezzzee that nigga ain't no fucking champ he a straight up bitch who not bout shit # bitch made!,True
6537,3,1,2,0,1,"@kathleenparker of the washington post to call the President ignorant I ask you racist ,angry ,bitter, bitch look in the mirror!!!!!!!!!!!",True
6591,3,0,3,0,1,@kieffer_jason @jayleno @BarackObama naw really bitch I mean yo address,True
6789,3,0,0,3,2,"@luchadora41 so was slavery, prohibition and not letting women to vote... segregation jim crow laws.. etc etc i can do this all day lol",True
6816,3,2,1,0,0,@marclamonthill will you mention why being called nigger is wrong(witch i agree with) &amp; bossy is wrong.but being called a pimp is still ok?,True
6835,3,0,0,3,2,@mayormcginn @usmayors @SenFeinstein White people need those weapons to defend themselves from the subhuman trash your sort unleashes on us.,True
6836,3,2,0,1,0,"@mayormcginn If racial minorities weren't criminally inclined, they wouldn't have so much to worry about. Act your color, race traitor!",True
6869,3,2,1,0,0,"@midgetmadz shut your dirty dirt trap you limp knees, ashy footed, blue balls, isolated hamster wheel, no nipples bitch",True
6915,3,0,1,2,2,@mr_republicann chik fil a. hipotle is trash and taco bell will give you the runs,True
6980,3,0,1,2,2,@obamac0re I don't like it peaceful that's boring I like fighting I come from the ghetto do u remember that it's p impossible for me not to,True
7029,3,0,3,0,1,@piersmorgan house keeps passing CR's senate says no because harry ried is obamas bitch.. not his states who does the senators represent?,True
7040,3,0,3,0,1,"@politsoutherner @leahmeyer49 
If you don't vote you don't have a right to complain. That being said, I didn't vote for the son of a bitch&#128515;",True
7094,3,1,2,0,1,@realDonaldTrump call him a pussy as he should!,True
7095,3,2,1,0,0,"@realDonaldTrump he looks like reg. Memphis,tn. trash! we got them everywhere.",True
7121,3,1,2,0,1,"@rickahyatt @donaldbroom @Poysti 
That bastard Obama is giving them to the f-ing wetbacks.",True
7187,3,0,3,0,1,@sbsylvester yo bitch talk about lamp u not on my level do u even know fussy look like stop looking porn kid,True
7273,3,0,0,3,2,@sportswatch time to dump another diet coke in the trash,True
7340,3,1,0,2,2,"@terrorwatchusa .....I think its about #Whites trying to be the most #Blackish ......what we in Socal call ""wiggers"". #liberals #democrats",True
7418,3,0,2,1,1,@tsj_washington No matter how much you bitch and complain... America is in better shape to how Obama found it PERIOD,True
7601,3,2,0,1,0,@zeitgeistbabe I hear Bill likes trailer trash like you. @LincRomero7 @JTStover @TheObamaDiary @RebHug @Loriisright,True
7643,3,3,0,0,0,"A guy claiming to be Republican called C-Span news and said ""Republicans hate that nigger Obama"" https://t.co/XZe0u7guZM",True
7693,6,1,5,0,1,"AMERICAN GOVERNMENT PREACHES ""NO BULLYING""
Creating a new generation of pussies! http://t.co/fbGuCK7Wc1&#8221;",True
7753,3,0,3,0,1,Ain't this a bitch---&gt; Clock mistake in Alabama-Arkansas - via @ESPN Champ Drive http://t.co/Go1XTsuv6O,True
7776,3,0,0,3,2,All I ever want is for someone to love me as deeply and devotedly as Charlie Kelly loves the waitress.,True
7888,3,1,2,0,1,"Almost everyone I met in #Paris was absolute trash. And if they support a republican government, I hope they fucking die.",True
7970,3,0,1,2,2,And of course some rascally #teabagger on the radio is blaming the 19 dead AZ firefighters on #biggovernment. Oy vey. #tcot #p2 #teaparty,True
8026,3,0,3,0,1,Are you nigguhs saying you want Donald trump as prez? That nigguh don't understand real american struggles &#128514;,True
8045,3,0,0,3,2,As soon as a Democrat gets a chance to ? the political hack #foxnews goes to commercial then back with Bolton LMAO #teabaggers #benghazi,True
8053,3,0,1,2,2,Ask the governor how we are supposed to pay for this? Typical #teabagger mentality. Government is EVIL until we need them LOL #morningjoe,True
8101,3,1,0,2,2,"BASICALLY, #GOP, #ROMNEY, right wing reactionaries, drudgies, teabaggers, libertaritards, all hate our education system and teachers.",True
8148,3,0,3,0,1,Bad blood in the camp &amp; if it's bout a bitch just know I don't respect it homie,True
8161,3,0,3,0,1,"Bands will make her dance , stamps will make her twerk , If Romney becomes president , these hoes will have to work.",True
8162,3,0,3,0,1,"Bang, bitch, you think I'm strange, bitch? It's bananas like a fucking rangatang bitch

#vote5sos
#EMABiggestFans1D",True
8229,3,1,0,2,2,"Bet they want a cookie, Bergbrain? You mean like you want a cracker? Kinda bitter here today aren'tcha? #stribpol mngop #mnleg",True
8240,3,0,0,3,2,"Big Squawk: Q: when will DFL dump Ryan ""Uncle Tom"" Winkler? 
} Not going to happen Berg
Bleat on.
#mngop proud #stribpol #mnleg",True
8270,6,2,4,0,1,Bitch duck on whore ass slut cunt ha Biden it's Gucci. Tho whatever. Nigea @mdsaab1 @t_jawad89,True
8376,3,0,3,0,1,Bout to put me some hoes on backpage .. Try my pimp hand out! &#128526;&#128075;&#128162;,True
8401,3,0,1,2,2,Breakfast of champions shrimp lobster balls (no sandusky) French fries nd a nice big Quahog (clam for&#8230; http://t.co/UajUkcoAfV,True
8408,3,0,0,3,2,Brilliant job by @NelsonCanache to limp it back to the pits without causing a yellow. Wish he didn't need to though. #PLM,True
8436,3,0,3,0,1,Bruh went so hard on that bitch he deserves pimp of the year,True
8532,3,0,0,3,2,Can Charlie Crist pull one over on Rick Scott? Well he did pull one over on #floridaprimary dems tonite. #TPOT #Election2014,True
8655,3,0,0,3,2,"Charlie Crist wins Democratic primary in Florida governor's race, AP projects http://t.co/Gy9uRBtQ1q via @WSJ",True
8656,3,0,0,3,2,"Charlie Crist, outlawed, hated, rediculed and vilified for shaking the President's hand. What a country! What a democracy!",True
8663,3,0,0,3,2,"Charlie Rangel: Some Republicans 'Believe That Slavery Isn't Over' | Truth Revolt: http://t.co/NpbdPk0Cqz 
Bam, Race Card Vote Democrats out",True
8667,3,0,0,3,2,Charlie Sheen's Video Message to President Obama http://t.co/kCRWTbCqZd,True
8697,3,3,0,0,0,"Chill RT @PhillyTheBoss If I ever become president Imma ban Henny from America..... For a Day, just to see you negroes panic. ""gotcha bitch""",True
8825,3,2,1,0,0,DIVERSITY: Chcgo Blck Pstr Flooded w/ Dth Threats Ovr Endorsement Of GOP Candidate: &#8220;U Sellout Uncle Tom Ass N*gger&#8221; http://t.co/vcBWzkyeDv,True
9018,6,0,0,6,2,Don&#8217;t believe AP&#8217;s ho-hum tone: latest poll is great news for Republicans - Hot Air http://t.co/5HHrFlFP13,True
9075,3,0,3,0,1,"Don't worry bout me I got it all arranged bitch. Mind your business, stay in your lane bitch

#vote5sos
#EMABiggestFans1D",True
9089,3,1,0,2,2,Draft Drinking Game: chug a beer everytime you see a black woman crying. @stoolpresidente,True
9210,3,0,0,3,2,Even liberals are humiliated by Charlie Rangel&#8217;s claim the GOP backs slavery - Hot Air http://t.co/I4QawESnud,True
9417,3,0,0,3,2,"For those wondering why DHS was buying up all the ammo, now you know. Once the Charlie Manson er, @BarackObama race war starts its on #POTUS",True
9615,6,5,1,0,0,"GEEZ..... I think #NorthKorea may be right. #BarackObama is a monkey! Surely acts like one. 
 http://t.co/y09Waoe4EM&#8221;",True
9762,3,0,3,0,1,"Good morning, you hoe ass niggas. *Pimp C voice*",True
9999,6,0,0,6,2,He may be the President but that doesn't necessarily mean he's in the sole position of power in regard to making such decisions.,True
10073,3,0,2,1,1,Hey morons at #foxnews and #foxandfriends was it political when Bush raised terror threat right before the election? LMAO at u #teabaggers,True
10079,3,2,1,0,0,"Hey. @BarackObama. Don't be like a stupid white bitch in some horror movie asks #America to hide from #ISIS behind some chainsaws. M,kay?",True
10191,3,0,3,0,1,How filthy of a cunt is @DanaBashCNN to pretend that Obama threatening amnesty is not vastly more egregious than Boehner on Obamacare? #tcot,True
10580,3,0,0,3,2,I find it amusing that Senator @tedcruz is an anchor baby. #LMAO,True
10745,3,0,3,0,1,"I hate takin out the trash, I always be expecting a big ass dog to be in the alley or like a raccoon to jump out the dumpster",True
10846,3,0,2,1,1,"I jus wanna smoke, rub on a bitch booty n bump ""These Days...""",True
11075,4,0,3,1,1,"I need to jump in the shop on fritag for 72 beers, hate looking like 20 odd.. I need to get 120 fags tae, going to look like a junkie",True
11131,3,0,0,3,2,I remember laying on a hospital bed after being shot ranting about how coconut shrimp was trash.,True
11185,3,0,0,3,2,I still can't understand why we don't dump our trash in the ocean. it's pretty big and it'd surely be cheaper than launching it into space.,True
11283,3,0,0,3,2,I uploaded a @YouTube video http://t.co/8rLE3JNr GOProud Makes Money Out of Twinkie Crisis in Free Market Spirit,True
11332,3,0,1,2,2,"I was flying down the slope and just rammed into this small Asian boy, kid got up like a champ and walked it off",True
11403,3,2,1,0,0,"I wonder if that Latino strategy is working?@TPM: GOPer doubles down on ""wetbacks"" but backpedals on ""shoot on sight"" http://t.co/QwlPxxsUIb",True
11621,3,0,0,3,2,"I'm not big on the ""Uncle Tom"" slur anyway, but can we at least reserve it for those who earn it, not just those who dare to not vote Dem?",True
11667,3,0,3,0,1,"I'm seventeen years old with a government job, ask me if I give two fucks about the next bitch &#128564;",True
11764,3,1,0,2,2,Idiotic censorship drive by #France President fails to understand that he's empowering Jihadis by censoring the internet wholesale #fail,True
11783,6,0,6,0,1,"If I become president, everybody's on lockdown. I'm gonna run this bitch like a penitentiary.",True
11802,3,0,0,3,2,If I were a kid today...Michelle Obama's lunch would wind up in the trash can,True
11808,3,0,3,0,1,If Kubiak was a player they'd pump him with painkillers and tell him to stop being a pussy.,True
11911,3,0,3,0,1,If you ain't ma bro you better watch yo bitch &#128514;&#128514;&#128514;&#128076; borrow yo hoe introduce ma pimp !,True
11945,3,0,3,0,1,"If you have your friends jump into a fight, it shows that you're just an overall pussy.",True
11947,3,0,2,1,1,If you jump someone you're a bitch,True
11948,3,0,3,0,1,If you jump someone you're a bitch regardless the situation,True
11981,3,0,3,0,1,"If you're a whiney bitch, have a ZIMA and shut the fuck up! 
#Democrats http://t.co/ZAYMXsdza3",True
12149,3,0,1,2,2,Is Hillary the &#8216;dodo bird&#8217; candidate? http://t.co/3FyoSi28Jm via @worldnetdaily,True
12150,3,0,1,2,2,Is Hillary the &#8216;dodo bird&#8217; candidate? http://t.co/YfUbgwQ4tw via @worldnetdaily,True
12300,3,0,2,1,1,Its a bitch living in a country where you have two choices for President and fifty choices for Miss America .....,True
12320,3,0,3,0,1,"Its true though lol RT @jwill252: &#8220;@No85er_inMe: If your girl think about you, &amp; you don't make her pussy jump you ain't shit brah&#8221;lls",True
12371,3,0,1,2,2,Jihadis Turn Washington National Cathedral Into Mosque For Friday Prayers http://t.co/4AHp4t86bP #lnyhbt #ccot #teaparty #gop #tgdn,True
12377,3,0,0,3,2,Jihadis identify a man from #Indonesia as the one who carried a massive suicide bombing on Speicher camp #Iraq http://t.co/h1hjHYnbY2,True
12381,3,0,0,3,2,Jihadis taunting America &amp; spreading paranoia: tents that appeared in a video of a Daesh training camp near Mosul. http://t.co/GH3EbBfB3t,True
12383,3,0,1,2,2,"Jindal seemed to be having an out-of-body experience enhanced by special brownies
http://t.co/W0cyEcqKLo
Bj Up and At 'Em
#stribpol #mngop",True
12392,3,0,0,3,2,John McCain trashes Jay Carny live on CNN - #Syria #ISIS #Obama http://t.co/ZT690BkTrI,True
12411,3,0,3,0,1,Jump out 2nd floor window cuz I'm over my side bitch crib and my girl beatin on the door - Josh Shaw,True
12581,3,0,1,2,2,LMAO Joe was calling whitehouse offering advice. Yeah the President cares what a disgraced FORMER redneck House guy from fl says #morningjoe,True
12598,3,0,3,0,1,LMaoooo. .. &#171;@IGiveEmNathan Gucci really ass but for some hoes I'll bump a couple songs&#187;,True
12602,3,0,1,2,2,"LOL at the Benghazi ""hearings"" that proved nothing other than Republicans only care about taking down PBO. #foxnews #teabaggers",True
12698,3,0,1,2,2,"Libs trash Saira Blair, an 18-year-old Republican who won a seat in the West Virginia legislature 
http://t.co/V01w8UamJy",True
12723,3,1,2,0,1,"Like #Buddha gives a SHIT about #Obama or some other fuckin' NAZI FUCK #socialist #retard with a fuckin' #iphone. DON""T MAKE ME LAUGH&gt;",True
12814,3,0,3,0,1,Lmao they got the Titanfall jump in this bitch,True
12976,3,1,2,0,1,Looks like the next douche bag #teabagger to be crowned governor is some ghoul named Ducey (rhymes with douchy) #azgov #azvotes #Tcot #gop,True
13098,6,1,0,5,2,"Maybe @barackobama is colored blind with his 'red lines' and all. Tough talk, no walk. #tcot",True
13169,3,1,2,0,1,Miley Cyrus just wants to hump things and smoke weed with her retarded ass.,True
13183,3,0,3,0,1,"Mitt Romney Gone take away weave if he become President, hoes gone be walkin around looking like Lil Bill &amp; Calliou...",True
13216,3,0,2,1,1,"Monkey see, monkey do, Narnfraud?
Swiftee &amp; Narnfraud = pathetic and disturbed pair of thugs
#mngop proud?
#stribpol",True
13239,3,0,0,3,2,"Mr President &amp; homeland security, please ignore any foreign threats and focus your sole attention on our police force #ACAB #LANDOFTHEFREE",True
13497,3,0,3,0,1,"NEWS FLASH!
When you pay TAXES, you are paying for everything you bitch about!
#IRS #GovernmentAffairs #obamacare http://t.co/D5SPVgJxto",True
13498,3,1,2,0,1,NEWS FLASH: Obama won the election and increase their numbers in congress. Stop with the bullshit already and compromise bitches!,True
13526,3,0,0,3,2,National Review calls #gay marriage 'lawlessness' http://t.co/QpTreDa6yv #oregon #tcot #gop #NOM #lol #teabaggers,True
13693,3,0,3,0,1,Niggaz irrational these days...Quick to jump bad bout a bitch...,True
13731,3,0,3,0,1,No skimp shit here bitch,True
13798,3,0,1,2,2,"Nothing says teabagger like a millionaire complaining that they are broke, huh #HillaryClinton? #Hillary2016, give me a break, lol. #p2",True
13837,3,0,0,3,2,OH NO @morningmika are you saying the Democrats lost the #teabagger vote? LMAO bobble head #morningjoe,True
13850,3,0,0,3,2,Obama mocked the special Olympics Wendy Davis mocks the handicapped do ya see a pattern? Democrats #tcot #UniteBlue,True
13851,3,1,0,2,2,Obama&#8217;s Newly Released Gitmo Jihadi Has Links To Terrorists In Syria http://t.co/MywaAFD1yB #tcot #pjnet,True
13852,3,2,0,1,0,"Obama&#8217;s faves: Muslims, black ghetto trash http://t.co/qTfjRAijwn via @worldnetdaily",True
13853,6,1,0,5,2,Obama's Hellfire missiles tend to vaporize Jihadis @BemetOr8 @PureMonotheist #UniteBlue,True
13917,3,1,2,0,1,Okay. Here. IF #natitude is SOOOOO COOL&gt; How come you bitches don't call Obama by BO JINGO? That's what I thought. #gobuycomb,True
13980,3,1,2,0,1,One of the best #faggot #jokes of all time is #StephenKing's #IT&gt; Anybody seen that #faggot lately? I believe he's dressed as #Obama .,True
14011,3,0,3,0,1,Only goofy niggas simp over chicks with community pussy..,True
14045,3,0,1,2,2,"Or ""don't vote for the cripple"" amirite? bigot MT @DawnnaDukes: Vote #VoteWendyDavis for Governor of Texas. http://t.co/LnAeW8CCoD",True
14089,3,0,0,3,2,"Palin mocks Obama, on Russia rhetorically asks ""who could have seen this coming,"" the crowd goes wild #CPAC2014",True
14243,3,1,2,0,1,"Pretending that he can make it rain, our ghetto president is in it for himself while govt money whores beg utilties to stay on one more day.",True
14298,3,1,2,0,1,Putin making @BarackObama look like a bitch on foreign policy.,True
14310,3,0,0,3,2,REPUBLICANS TAKE MASSACHUSETTS GOVERNORSHIP: Coakley Conceds Gov. Race To Charlie Baker&#8230;. http://t.co/unfdQCQHyK,True
14314,3,2,1,0,0,"RINO trash like @SpeakerBoehner, @KarlRove, @FrankLuntz see conservatives as the Democrat Party see blacks. As their slave property. #tcot",True
14373,3,0,0,3,2,RT @490xl: why get attached to people when you can jump in a trash can and feel the same way,True
14425,3,0,0,3,2,RT @AP_Noticias: #&#218;LTIMAHORA El republicano Charlie Baker elegido gobernador de Massachusetts. #Election2014 #APracecall http://t.co/qkbWQ&#8230;,True
14520,3,0,3,0,1,RT @AnAbsurdBird: Of course the day I nip out with shit hair &amp; wearing my scruffy/but favourite stolen hoodie is the best time to bump into&#8230;,True
14537,3,0,3,0,1,"RT @AnnCoulter: Invite me on your show, you lying pussy. RT @Matthops82 ""Republicans are afraid of me. They don't want to talk to me."" - &#8230;",True
14544,3,0,3,0,1,"RT @AnthonyBialy: .@SenatorReid I'm sure this tweet will protect you from karmic payback, bitch.",True
14560,3,0,3,0,1,RT @ArmyBulldog20: @AcmeHandle Nothing that the Russians did in their support of the rebels surprises me. Putin views Obama as a pussy.,True
14598,3,1,0,2,2,RT @B1B_Lancer: Cue the liberal left's Uncle Tom attacks against Tim Scott in 4...3...2... #tcot #teaparty #GOP,True
14707,3,2,1,0,0,"RT @Bidenshairplugs: Anybody who trashes their own neighborhood after a perceived injustice is a fucking moron. 

#Ferguson",True
14708,6,0,0,6,2,"RT @Bidenshairplugs: I can't believe the cops shot this fine young man. There goes the cure for cancer...

#FergusonOctober http://t.co/Leb&#8230;",True
14709,3,0,3,0,1,RT @Bidenshairplugs: I'd like to issue a formal apology to Israel for our piece of shit anti-Semitic President and his retarded Secretary o&#8230;,True
14710,3,0,2,1,1,"RT @Bidenshairplugs: Number of women denied birth control by Hobby Lobby: 0

Number of Democrat retards butthurt by the verdict: 30,000,000&#8230;",True
15006,6,0,6,0,1,RT @Chayeezy: When a bitch got you fucked up but you devoted your life to the Lord so you gotta stand there like you aint mad http://t.co/7&#8230;,True
15039,3,0,0,3,2,RT @Chip216: As a kid I listened to Nas. He showed me a new perspective coming from the ghetto like me. Same with Pimp C &#128081;&#128081;&#128081;,True
15158,3,0,3,0,1,RT @Cspen335: Right you are! Have you heard of the 'dodo' bird? He's the one with Obama on his ass! http://t.co/0qHypwxzYh,True
15197,3,0,3,0,1,"RT @CzarZellem: Hey Liberals,meet @SenTedCruz, future majority leader of the US Senate.Enjoy. Payback is a bitch. #p2 #stoprush #waar http:&#8230;",True
15291,3,0,3,0,1,"RT @DarkskinObama: Roses are red
Violets are blue
I just fucked yo bitch
.....but nigga do you...",True
15306,3,0,0,3,2,"RT @DavidBCohen1: Will Coakley go 0-2 in ""can't lose"" races? RT @seanspicer: wow, just wow -- @BostonGlobe : Charlie Baker for Governor htt&#8230;",True
15448,3,0,2,1,1,RT @EWErickson: To recap: Dem Governor candidate in SC calls the GOP candidate a whore. TX-Dem Gov. candidate mocks the GOP candidate&#8217;s di&#8230;,True
15494,3,0,0,3,2,RT @EvilMikeTomlin: Came to training camp today to find Charlie Batch asleep on the curb...,True
15583,3,0,0,3,2,RT @FoxNews: #FoxNews projects that Wyoming Senator Mike Enzi will defeat Democratic challenger Charlie Hardy. #Election2014,True
15675,3,0,0,3,2,"RT @GOPBlackChick: The racists are @msnbc and its crew of anchors. Not ""right wing "" folks. @MHarrisPerry mocks mixed GOP kids.
http://t.co&#8230;",True
15694,3,0,3,0,1,"RT @Gawker: Congressman's office admits ""Hell yeah Benihana up in this bitch"" tweet was a mistake. http://t.co/LTzwuJC0Vs",True
15902,3,0,0,3,2,"RT @HuffingtonPost: Obama: ""I will always do what is necessary to protect the American people and defend against evolving threats to our ho&#8230;",True
16019,3,3,0,0,0,RT @InfidelAlie: Yay for America &amp; Israel... we put in more Jew Hating muslim trash into our government! pathetic &amp; sickening,True
16040,3,0,0,3,2,"RT @ItsJustJill: Obama Says He&#8217;s &#8220;Irritated&#8221; But &#8220;Does Not Feel Repudiated&#8221; After Losing Senate (Video) http://t.co/2U10aolKXG 
Awwwww...ho&#8230;",True
16075,3,2,1,0,0,RT @JHazeThaGod: You other niggas a call up a bitch to fight a bitch naw not me I'm whomp that trick so she can feel where I'm coming from,True
16091,3,0,3,0,1,RT @J_Kwest: Ima buy dat bitch a jump rope bitches live jumpin 2 conclusions,True
16124,3,0,2,1,1,"RT @JareerKassis: If there was an invisible celestial judge who killed those who spew hate on Palestinians, celebrities &amp; politicians would&#8230;",True
16153,3,0,3,0,1,RT @JazzRiley: If a hoe give my lil Sista a eye like that she betta call me so we can go jump the bitch &#128514;&#128514;&#128514;&#128514;&#128514;,True
16407,3,0,3,0,1,RT @KingHorseDick: Jody was really a pussy tho. He let some lil niggas jump him and take his bike. Old head sonned him in front of his mama&#8230;,True
16474,3,0,3,0,1,RT @LA_Everyday: @MJCANDANCE @PacDaGoat @Devoted2Mariah @BettAThanLERUNS @MzNurseBee14 @pyroballyPOOPS WTF? This BITCH sounds retarded,True
16509,3,0,3,0,1,RT @Landontours: Nice baby bump bitch.,True
16586,3,0,3,0,1,RT @LilReese300: @trippygalll dats how u drop it dum ho ask about me b4 yu jump on my dick ho or reed about me yu cluck ass Thot,True
16662,3,0,1,2,2,"RT @Loxodonta_s: #News &#8212; #Democrats and #AntiSemitism &#8212; #Jewish group condemns VP Joe Biden&#8217;s offensive reference to ""Shylocks"" http://t.co&#8230;",True
16705,3,1,2,0,1,RT @MGKyd_O: I don't understand how so many Americans can hate on Obama for saluting with a latte. Nobody tells these swagfags anything abo&#8230;,True
16733,3,0,0,3,2,RT @MajorNews911: NBC News projects Charlie Baker (R) wins Massachusetts Governor. http://t.co/Su9JblPLrO,True
16748,3,0,3,0,1,RT @MarcusButlerTv: When someone's phone goes off in the cinema I want to jump across the seats and fly kick dat bitch.,True
16762,3,0,0,3,2,RT @MaryWCVB: Charlie Baker about to make his final election eve campaign stop- here at Swampscott High School. #wcvb #wcvbpoli http://t.co&#8230;,True
16763,3,0,0,3,2,RT @MaryWCVB: Congressional Hopeful Richard Tisei stops in at Baker's Swampscott Rally. But still no Charlie. #wcvb http://t.co/uycfEng3B9,True
16774,3,0,2,1,1,"RT @MattieTrump97: Win % since pile of trash @jairusbyrd went to New Orleans:

#Buffalo:1.000
#NewOrleans:0.0000000000000

#FuckByrd
#WhoNe&#8230;",True
16779,3,0,0,3,2,RT @Maxicat: Charlie Rangel Re-Writes History: On GOP &#8220;They Think They Won The Civil War&#8221; http://t.co/moCeUBRUTf,True
16875,3,0,0,3,2,"RT @Mobute: Rick Scott vs. Charlie Crist is the worst gubernatorial election in America, and it's the face of our ugly future. http://t.co/&#8230;",True
16909,3,0,3,0,1,RT @MrRideThruThaD: Let me tell u funky bitches bout a pimp name c. I ain't payin for no pussy and my dick ain't free,True
16928,3,1,2,0,1,"RT @MsRock4Ever: bitch mcconnell has been a 30-year parasite and we can not afford him any longer. @VoteBlue, Vote @AlisonForKY",True
17083,3,0,0,3,2,RT @Norsu2: Democrats to push income inequality as top issue of 2014 http://t.co/6fMioxUIgK Charlie Baker (R) veers further left all in w D&#8230;,True
17113,3,0,3,0,1,RT @O3_Millz: &#8220;@xDSmooth: @1BookieG bitch we RMP fuck who don't like&#8221; I don't like &#128530;&#128530;&#128530;,True
17153,3,0,3,0,1,RT @ObamaStrawman: Joan Rivers said I was gay and Michelle was a tranny. Perhaps her death was no accident. See Clinton's and Ron Brown/Vin&#8230;,True
17202,3,3,0,0,0,RT @Opatz1: Fuck michelle obama. That monkey doesnt belong in the white house,True
17254,3,0,2,1,1,RT @PapiRawAf: Im a pimp tho no limp hoe,True
17325,3,0,3,0,1,RT @PowBlocks: @WaldoKillz3 @hidalgoparadise @D_41395 @olgadontshred lmao that hashtag had me dying princess hoe needs to get a Twitter lol,True
17329,3,0,3,0,1,RT @PresidentRJRock: Fuck you bitch I'm actin brand new &#128526;,True
17346,3,0,0,3,2,"RT @ProBirdRights: i see you again didn't election bird for government, america. that okay. i guess i just take this free cookie for everyo&#8230;",True
17349,3,0,0,3,2,RT @ProudlyLiberal2: Charlie Crist wins Democratic primary http://t.co/FunqXo8O4O,True
17391,3,1,2,0,1,RT @RWSurferGirl: Toss 'em out of office? Or just throw 'em in the trash? #trashbucketchallenge has politicians on the run at... https://t.&#8230;,True
17404,3,1,2,0,1,"RT @RaiAllure: ""yo bitch chose me you aint a pimp you a FAIRY."" #ripPimpC",True
17422,3,0,3,0,1,RT @Ranger1325: I'm waiting for all of you little bitches that whined about Bush to start speaking up about Obama and his wars. #Syria,True
17468,3,0,3,0,1,RT @RedHeadRay_: I swear I saw more then 3 bitches jump this girl &#128583;,True
17479,6,0,2,4,2,"RT @Revenant0202: Seriously, Florida. A vote for Charlie Christ is a vote for taxes and ebola.",True
17506,3,0,3,0,1,"RT @RnadJorell: &#8220;@_KudaBrazyy: ""You Disrespected My Hoeing"" Pimp Slaps Hoe In The Telly For Talking Back! - http://t.co/XfBbm7cJTY&#8221;aha bitch",True
17518,3,1,2,0,1,"RT @Rockprincess818: Obama is Allowing millions of illegal aliens, drug cartels, and terrorists to enter our open borders...Liberal retards&#8230;",True
17530,3,0,0,3,2,"RT @RubinReport: You can mock Michelle Obama's #TurnipForWhat video, but the turnip is now third in line of succession for president. https&#8230;",True
17538,3,0,0,3,2,"RT @RussOnPolitics: GOP nominee for #MAgov Charlie Baker's ""fisherman story"" falls apart. He deserves an Oscar for his play crying. http://&#8230;",True
17562,6,0,0,6,2,"RT @SSNAlerts: Rick Scott takes 49% of vote, Charlie Crist takes 46%. Scott wins second term: http://t.co/MmkyGCYVG1 #sayfie #FlaPol http:/&#8230;",True
17580,3,0,2,1,1,"RT @Salon: A trash-talking athlete vs. a violent congressman: Who's the real ""thug,"" here? http://t.co/dFNdCqWDAX via @joanwalsh",True
17736,3,0,3,0,1,"RT @Slygirl08: You say &#8220;potato&#8221;, your pimp says &#8220;put out, ho&#8221;.",True
17737,3,0,0,3,2,RT @Smart_Cookie86: If I had to pick a President of the Uncle Tom association I would pick Larry Elder.,True
17859,3,0,1,2,2,RT @Sttbs73: I see the crazy #teabaggers have given up on defunding Obamacare and have moved on to using veterans! #1MVetMarch,True
17876,3,0,0,3,2,RT @SunSentinel: The @SunSentinel Editorial Board endorses Charlie Crist for governor -- Better for Floridians http://t.co/t21z2YBZlQ http:&#8230;,True
17956,3,0,0,3,2,RT @Talkmaster: People who would vote for Charlie Crist and Michelle Nunn are why our founders did NOT put a right to vote in our Constitut&#8230;,True
18033,3,0,3,0,1,RT @TheBardockObama: People downloading time hop to be reminded they were faggots a year ago too,True
18034,3,0,3,0,1,RT @TheBardockObama: Yea but who gets more bitches grandma,True
18148,3,0,3,0,1,RT @The_Race_Draft: Obama ain't playin with these hoes... http://t.co/b6Opj6D25y,True
18197,3,0,3,0,1,"RT @Todd__Kincannon: Cry, liberal bitches. Cry like you did when daddy left. MT @Slate: Republicans are abt to take control of state legisl&#8230;",True
18285,3,0,0,3,2,RT @TwitchyTeam: 'Dying laughing': Russian wrestlers mock 'girly man' Obama's workout video http://t.co/LLDrxLZeUs,True
18288,3,0,0,3,2,RT @TwitchyTeam: Richard Grenell: WaPo's Greg Sargent mocks voter ID and 'proves point' of proponents http://t.co/KG3NEWOYIy,True
18325,3,0,0,3,2,"RT @USRealityCheck: Republicans Want to Yank Food Stamps from the Hungry: 

 May 16, 2... http://t.co/2UkcoICd9Q prg #P2",True
18350,3,0,3,0,1,RT @UrKindOfBrand: Vote or Die bitches,True
18363,3,0,3,0,1,RT @VICD713ENT: Good pussy ain't changin nothin. Might bump you up to main hoe from side jank. That only mean you get fucked more &#128533;,True
18383,3,0,2,1,1,RT @VersaceTweetGod: Jenny was a hoe til she got AIDS until she was ready to settle down with Forrest Gump who tried saving her SO many tim&#8230;,True
18441,3,1,0,2,2,"RT @WayneRoot: Well there's difference between Erick Erickson and me. I've always understood Obama is Muslim Jihadi sympathizer:
https://t.&#8230;",True
18473,3,1,2,0,1,RT @WhoreFandom: I'm going to let the pussy out like fight night #vote5sos,True
18549,3,0,1,2,2,RT @Yankees: #Yankees can jump into first place TONIGHT. RT if you think they will!,True
18630,3,0,0,3,2,RT @ZekeJMiller: RT @bobschieffer: Looking forward to sitting down with President Obama for our 60th anniversary broadcast this Sunday &#8212; ho&#8230;,True
18703,3,0,1,2,2,RT @_JocelynB: Yu hoes just love to pump fake bout y'all lives on these social networks,True
18705,3,0,3,0,1,"RT @_JohnFKennedy_: I choose to fuck all these bitches not because they're easy, but because I'm hard #PresidentialPounding",True
18993,3,0,0,3,2,"RT @arlingtondems: Hey Arlington Democrats! For you early birds, join us @BusboysAndPoets tomorrow. It's the Second Saturday of April. http&#8230;",True
19080,6,0,0,6,2,RT @bjs5555: ELECT Democratic Nominee Amos Powers @Powers2014 2 #Congress #TN6 DEFEAT TEA Diane Black #Red2Blue #TNTweeters #CIR http://t.c&#8230;,True
19081,3,0,0,3,2,RT @bjs5555: ELECT Democratic Nominee Charlie Brown @Govcharliebrown for #Gov of #TN DEFEAT (R) Gov. Bill Haslam! @UniteBlueTN http://t.co/&#8230;,True
19082,3,0,0,3,2,RT @bjs5555: ELECT Democratic Nominee Charlie Hardy @runwithcharlie to U.S. Senate. #WY Defeat TEA Mike Enzi. #TNTweeters #CIR http://t.co&#8230;,True
19085,3,0,3,0,1,RT @blackrepublican: Spike Lee is one of those [wealthy] people he bitches about that's causing gentrification.,True
19093,3,0,0,3,2,RT @boominator: &#8220;@CureOurCountry: Rand Paul mocks Clinton with #HillarysLosers pics with failed candidates http://t.co/r8fjtCsJ5O http://t&#8230;,True
19104,3,0,0,3,2,RT @briangaar: Old white people complaining about government tyranny is like the Yankees being upset that players make too much money,True
19105,3,0,3,0,1,"RT @briannafbaby: Good girls take 4-12 months before they move on.. only hoes jump from nigga to nigga.. don't argue with me, this is scien&#8230;",True
19122,3,0,3,0,1,"RT @butter_obama: I love when @NICKIMINAJ say ""bitch I'm me"" &#128588;",True
19197,6,0,5,1,1,RT @coldcACE: @1MarKus_A he knows game. He's just gonna make it as small of a loss as possible.she was 1 of Don Juan hoes off jump http://t&#8230;,True
19229,3,0,3,0,1,RT @cthagod: Congress really is acting like a bunch of bitter bitches.You can't continue to refight an election you lost.Obama is President&#8230;,True
19279,3,0,0,3,2,RT @davidalderman77: Obama killed the Twinkie #gonetofar,True
19281,9,0,4,5,2,"RT @davidjones720: ""Obama is out on the golf course still looking for his balls."" -Charlie Daniels",True
19336,3,0,3,0,1,RT @drewbillionaire: I just wanna pimp these hoe$ &amp; Ride Rarri's,True
19392,3,0,0,3,2,RT @eph4_15: Allen West &amp; The Slippery slope of Obama's constitutional contempt http://t.co/ropPmOtnbD #PJNET #CCOT,True
19438,6,1,4,1,1,"RT @frankieboyle: You can ask yourself if you trust Clegg, Cameron and Miliband, or you can vote Yes and never think about the cunts ever a&#8230;",True
19493,3,0,3,0,1,"RT @grindingdude: #13Hours of hell. Obama flat out lied to get reelected. #killery &lt;What diff does it make now? 

Karma, it's a bitch! http&#8230;",True
19515,3,0,2,1,1,RT @hidalgoparadise: @D_41395 nigguh waldo had chipotle waiting for him at his house lucky soab lol,True
19706,3,0,3,0,1,RT @itsDonLeach: You're still a pussy @BarackObama,True
19749,3,0,3,0,1,RT @jama_jam: You gotta be straight forward with hoes ... Tell them what you want from jump ...,True
19750,3,0,0,3,2,RT @jamiedupree: Vice President Biden &amp; his wife are in Florida today to stump for Democrat Charlie Crist in his bid for Governor,True
19787,3,2,1,0,0,RT @jezzzz_: &#8220;@Ginga_Snaps13: @jezzzz_ @ShitPussiesSay Jessica I'm not afraid to slit your throat tomorrow&#8221; @RitenourSchools @BarackObama @&#8230;,True
19789,3,1,0,2,2,"RT @jgalt666: Don't let a crisis go to waste.Dems Exploiting Ebola to trash Repubs opposed to Obama&#8217;s choice for Surgeon Gen, http://t.co/&#8230;",True
19809,3,0,3,0,1,RT @joshuaxallen_: #tbt Halloween 2011 a spoopy hoe and her pimp daddy http://t.co/oQVP80EGhx,True
19878,3,0,0,3,2,"RT @kingdomofwench: @graceishuman I've also seen a lot of that ""We're Democrats and we're for Charlie Baker!"" ad which makes me want to scr&#8230;",True
19919,3,0,0,3,2,RT @lachlan: So who wants to tell the Washington Post that Charlie Crist is a Democrat? http://t.co/LGzzYusEKZ http://t.co/2jCVv7qxqf,True
19998,3,0,2,1,1,RT @llvvzz: Twitter should dump the little blue bird mascot and just officially change it to a set of boobs.,True
20107,3,0,3,0,1,"RT @micheleod1: #FlipTheSenate on the most corrupt administration EVER!
#ChicagoPolitics in the WH &amp; Harry Reid is his bitch. http://t.co/x&#8230;",True
20110,3,1,0,2,2,RT @michellemalkin: In which I refresh dhimmi Seattle mayor Ed Murray's poor memory of city's long history as a jihadi breeding ground==&gt; h&#8230;,True
20111,9,3,0,6,2,RT @michellemalkin: Mass. GOP Gov.-elect Charlie Baker: No driver's licenses for illegal aliens ==&gt; http://t.co/3vkLYmJWjS #NoAmnesty,True
20136,3,0,0,3,2,RT @mitrebox: At this point every voter in Florida has voted both for and against Charlie Crist.,True
20156,3,0,0,3,2,RT @mundyspeaks: Poll: Florida Governor Rick Scott is leading Charlie Crist by five points. http://t.co/W2Kkny4Nvy,True
20173,3,0,0,3,2,"RT @navy8r: ""@Sierra0559: Hey @BarackObama , the jig is up. Even democrats are through with you. #ReasonToExitAnObamaSpeech"" dems are raci&#8230;",True
20189,3,1,2,0,1,RT @nicky0472: @rickahyatt @1visionamd who better 2 b the Manchurian candidate. Think abt it we bitch abt his policy and he screams racism.&#8230;,True
20220,3,0,1,2,2,RT @ochocinco: If your girl didn't camp out overnight to buy you the iPhone 6 your pee pee is trash...,True
20255,3,1,0,2,2,"RT @p_w_sterne: @GraceBr92073005 ""There's more than one way to skin a monkey"" --Barack ""Bushmeat"" Obama @1Dittlinger @Txwench",True
20258,6,1,2,3,2,RT @pambesteder: **WOW* according to this tweet by @Tarascan68 Obama must have been an Uncle Tom? http://t.co/Klcsgy9JPW,True
20288,3,0,0,3,2,"RT @politico: Republican Rick Scott has been reelected #FLGov, defeating Democrat Charlie Crist. http://t.co/oeVMKOQH9S http://t.co/hi56c9N&#8230;",True
20335,3,0,3,0,1,"RT @rbomem: @viva_based broke, no even though Obama is working on it, bitch, no I got something between so no",True
20379,3,0,0,3,2,"RT @ronele: Getting ready for Nevada Hump Day @nevadamuseum. Real live camels, ostriches and zebras - oh my! @VirginiaCity #NevadaHumpDay #&#8230;",True
20385,3,0,0,3,2,"RT @russnelligan: .@KarynPolito declares victory by introducing ""our next governor, Charlie Baker"" @CharlieForGov #wcvb http://t.co/HYkWrVD&#8230;",True
20391,3,0,3,0,1,RT @ryancruz_: Want me to stamp bitches be saying anything to be down &#128564;,True
20487,6,1,1,4,2,"RT @sorryimalex: ""now 5sos is starting to tweet the hashtag, they're trash!"" #vote5sos http://t.co/llkuz6VtAi",True
20488,6,0,1,5,2,RT @sorryimalex: &#8220;@lametears: i only rted alex ramos aka trash to gain followers&#8221; #vote5sos,True
20490,3,0,0,3,2,RT @sorryimalex: I'm only back cause I don't wanna see the boys lose to trash #vote5sos,True
20518,3,1,0,2,2,RT @stoolpresidente: If a tree falls in the woods and nobody is around does it make any noise? If NJ blows away and only trash live the ...,True
20562,3,0,0,3,2,RT @terri_georgia: Charlie Crist Leads Rick Scott In a Florida Governor's Race Where Every Vote Will Matter http://t.co/FWUH5pVnjk,True
20657,3,0,0,3,2,RT @townhallcom: Charlie Crist Refuses To Back Down From Race-Based Attack On GOP http://t.co/zSHn94OK9S,True
20718,3,1,0,2,2,"RT @varepall: Charlie Rangel on GOP: They 'believe slavery isn't over' http://t.co/I8nolg9m6O

RANGEL IS A FLAGRANT TAX EVADER AND RACIST",True
20719,3,2,1,0,0,RT @veeveeveeveevee: If I was Obama Id call a press conference &amp; slit joe bidens neck on live tv just 2 show these crackers I mean business&#8230;,True
20738,3,0,1,2,2,"RT @viper5816: Sen. Harry Reid Lists all the Things Republicans Have Blocked in the Senate http://t.co/bjoWvABwhi via @townhallcom
He is ho&#8230;",True
20744,3,0,3,0,1,"RT @walkerkpt: Prediction- ""Obama will leave the Democratic Party in shambles ""&#128563; oh gosh, I hope so &#128591;&#128079;&#128074;&#128170;&#128077;payback really is a bitch",True
20752,3,0,0,3,2,RT @wcvbkelleyt: Just me or are there a lot of tweets from media tonight about election night food??!! For the record: cheese &amp; crackers @s&#8230;,True
20753,3,0,0,3,2,"RT @weakenednachos: last thought before bed: in '92 we had a ""mock election"" in 3rd grade and i voted for Perot. maybe i related to his rea&#8230;",True
20760,3,0,0,3,2,RT @whisperdispatch: Charlie wearing the 'Don't Tread On Me' flag pin? Every Dem should show up in Congress in 2015 wearing that @ESQPoliti&#8230;,True
20811,3,0,3,0,1,RT @xM_3Times: Yung nation- riot . Still bump that hoe,True
20849,3,0,3,0,1,RT @ygAddie: Obama a bitch.,True
20903,3,1,2,0,1,"RT, If You Agree!
#NorthKorea says #barackobama looks like;
""A monkey, who belongs in an African zoo"" 
ROFL! http://t.co/tooV1uty6h",True
20905,3,0,3,0,1,Raaaayciss bitch &#8220;@Sky_Max: Michelle Obama: African-Americans Should Vote for Democrats http://t.co/SL6TW6P39f via @Newsmax_Media&#8221;,True
20966,6,1,2,3,2,Republicans aren't the only racist in America. We have racist Democrats too. But don't play the token negro card... http://t.co/FT5c4yhraG,True
20979,3,0,3,0,1,Rihanna's Favorite Thing About White House Visits: 'My President Being Black' http://t.co/86zVJUzJLr #Solidarity Poking whitey-not wise..,True
21038,3,0,0,3,2,SNL mocks entire Obama tenure in Ebola skit - Hot Air http://t.co/miJdg6x6UC,True
21094,3,0,2,1,1,"Search the terms ""Obama"" and ""Twinkie"" and get a bunch of people rehashing the same handful of jokes while having no idea why Hostess failed",True
21096,3,3,0,0,0,"Seattle Mayoral Election this year. A choice between a bunch of women, non-whites, and faggots/fag lovers.
http://t.co/rwhgMRLaZX",True
21125,3,2,0,1,0,Senator @tedcruz is an anchor baby! Go back from where you came. #natural #born #Canadian,True
21148,3,0,3,0,1,Shantrell tryna fight bitches in da clinic n shut &#128514;&#128514; She wanna wait til uh bitch sick to try to bump &#128514;&#128514;&#128128;,True
21153,3,0,0,3,2,"She May Be Dumb As A Stump, but even Sarah mocks OBAMA! http://t.co/Qwxb4wbfZq&#8221;",True
21249,3,0,0,3,2,Short answer: Yes. ~ Sage Grouse Rebellion: Will Obama use two small birds to limit oil drilling in the West? http://t.co/TK0nZBBTte,True
21288,6,1,0,5,2,Shylock &amp; Wongs: 3 Incidents of Democrat Bigotry In 3 Weeks - Media Mum http://t.co/iX03VrK0KI via @BreitbartNews,True
21289,3,1,0,2,2,Shylock &amp; Wongs: 3 Incidents of Democrat Bigotry In 3 Weeks - Media Mum http://t.co/rX8ynPg1Yd via @BreitbartNews,True
21303,3,0,3,0,1,Since a lot of you lil bitches wanted to add the 5h hashtag into all my tweets I'll do that shit back #vote5sos,True
21459,3,2,1,0,0,Soetoro/Obama is moving the country #Forward w/ his vision. His vision is to downsize our 'oppressive' country and get even w/ whitey. #War,True
21517,3,0,3,0,1,Someone bitch slap me into the lake if you see me on FB tomorrow. I suspect my hard core GOP friends will be all over this.,True
21606,3,0,1,2,2,Stephan A Smith saying Jay Cutlers shouldn't be a MVP candidate is just straight up retarded,True
21920,3,0,3,0,1,That's real pinchbach I told them niggas watch how everybody that wasn't on the bandwagon jump on the bitch when they get to Austin,True
21945,3,2,1,0,0,"The @GOP elite call conservatives ""our niggers"" behind closed doors. #tcot #teaparty",True
21967,3,0,0,3,2,The Republican Lt Governor of Missouri says he's sorry he called LAW Anglo-American Law. Racist Pig That he is...,True
22055,3,0,3,0,1,The only exception with the baby momma is she not stuck on you and ghetto bitch that I will stomp her ass like an African ritual,True
22073,3,0,1,2,2,The republican teabaggers hate this but screw em. http://t.co/6iutHYvhQm,True
22094,3,1,2,0,1,"The way a Klansman would say ""nigger slave"" is the way the @GOP says ""Conservative"". They @GOP literally sees conservatives as their slaves.",True
22119,3,0,3,0,1,Them shits ugly hoe. RT @SirRocObama: ......... RT @BurgerKing: All these nuggets &amp; u still actin chicken. http://t.co/tRy8Lvyo9O,True
22311,3,1,2,0,1,These people at jury selection are retarded,True
22388,3,1,2,0,1,This Mexican bitch almost just hit me with her car and she sped over the speed bump JUST SO SHE COULD DO IT OMFG,True
22515,3,0,1,2,2,"This guy is nits&#8220;@Lucci_Dpc: i learn new things every day, u the only one still talkin bout jim crow. There go that republican hypocrisy&#8221;",True
22533,3,0,1,2,2,This is a long yellow for a bunch of track sweeping. Not a ton have taken opportunities to pit. #IndyCar #GoProGrandPrix,True
22563,3,0,3,0,1,This man Wimp gotta be drunk he know damn well he dont fw no hoes!! &#128514;&#128557;,True
22649,3,0,3,0,1,Thump you right in the throat bitch,True
22895,3,0,0,3,2,Video: Charlie Baker makes final push for votes http://t.co/9ArtP5ymbS,True
22909,3,0,0,3,2,WATCH-Obama&#8217;s Newly Released Gitmo Jihadi Has Links To Terrorists In Syria http://t.co/GufKoy44tk http://t.co/3n7M4PfNMx,True
22910,3,0,0,3,2,WATCH: Excited ISIS Jihadis Getting Their Yezidi Sex Slaves On 'Distribution Day' http://t.co/n9ExnuVhKs #ISIS #tcot #pjnet #lnyhbt #gop,True
22911,3,0,2,1,1,WATCH: Excited ISIS Jihadis Getting Their Yezidi Sex Slaves On 'Distribution Day' http://t.co/n9ExnuVhKs #tcot #lnyhbt #pjnet #tgdn #gop,True
22916,3,0,1,2,2,WH: Obama won&#8217;t name Holder&#8217;s replacement until you rubes have already cast your midterm ballots - Hot Air http://t.co/Yf1o8h99Uz,True
22936,3,1,2,0,1,Wake up American sheeple nd stop allowing these pussy azz politicians who never bust a gun in they&#8230; http://t.co/rN6nnnynXv,True
22969,3,0,3,0,1,Watching Forrest Gump has taught me that these bitches wanna hoes until they're tired,True
23098,3,0,3,0,1,What the FUCK? THO? REALLY? The Entire FUCKING #World #MEDIA is has gone #Obama #retarded not to know #medical #science PROTOCOLS? #wuh?,True
23193,3,0,3,0,1,When lifes got ya down you just gotta get back up and pimp slap that hoe!!!!!,True
23287,3,1,0,2,2,"Who is John Hanson? A ""Black"" Man, A Moor, John Hanson
was the First President of the United States! George... http://t.co/rpSeqjD3",True
23305,3,0,3,0,1,Who's a thottie? Yous a thottie! Who's a thottie? Yous a thottie! Yes YOU BITCH! Womp womp. &#128514;&#128514;&#128514; Lord save these parched hoes,True
23406,3,0,0,3,2,Will Hillary &#8216;dodo-bird&#8217; Be Dems 2016 Candidate To Take Over Obama's Job As US Prez? DoG http://t.co/wFlZyXmVk6 via @worldnetdaily,True
24183,3,0,2,1,1,"brb, skipping out of a b-ball game with Obama to whoop @ThatAngryNigga's hoe ass.",True
24399,3,0,3,0,1,having one of those days where a pimp wants to unfollow every bitch in a 30 mile radius on IG that won't let me beat,True
24443,3,0,0,3,2,"how much you wanna bet that a anti-government ""black helicopter"" teabagger was behind the Boston Marathon explosions? @TwitchyTeam #p2 #tcot",True
24508,3,0,1,2,2,i thought garbage men were supposed to bring trash to the dump but they wouldn't take me ha ha ha. self depreciation ftw.,True
24624,3,0,0,3,2,just found out @IUBloomington has an #Australian president! #hoosiers are my team #hoosierstate #indiana #iu #iubb #big10 20-2 tonight!,True
24639,3,0,0,3,2,"last thought before bed: in '92 we had a ""mock election"" in 3rd grade and i voted for Perot. maybe i related to his really big ears, idk.",True
24660,3,0,2,1,1,lmao RT @SirRocObama: Lmaooo RT @ToeKnee2GX: &#128557;&#128557;&#128557;&#128557;&#128557;&#128557;&#128557; RT @PeachDulce: I'm not a hoe I'm a people person,True
24661,3,0,2,1,1,lmao RT @SirRocObama: Tu Madre RT @WaymoTheGod: nacho doritos trash,True
24817,3,0,0,3,2,"old fellas water froze in that funeral home. he got it unthawed and wants me to help get his pump going again, that place spooks me man..boo",True
24926,3,0,1,2,2,shout out to pullz cuz I kno if I was trash he would have kept it a buck... I swear he had every I made jus cuz n actually bump dem too,True
24940,3,0,0,3,2,smh RT @DailyMail: NYC cops leave Ebola doctor's apt dump gloves and masks in public trash can http://t.co/aTkLOIqFZZ http://t.co/HVBhWjrKen,True
25067,3,3,0,0,0,they're working on a bill to prevent retards from voting. who knew retards COULD vote? things are starting to make sense now.,True
25117,3,0,1,2,2,trash RT @VibeMagazine: Can the Notorious B.I.G.&#8217;s son CJ Wallace rap? Watch &amp; vote here: http://t.co/3kzJj7nqpP http://t.co/wOwnc0A70P,True
25234,3,0,0,3,2,wth is that playing missy? ........ i mean seriously? RT @mr_republicann: This movie gone be trash http://t.co/8BIppVUvzr,True
